<?xml version="1.0" encoding="UTF-8"?>
<project-private xmlns="http://www.netbeans.org/ns/project-private/1">
    <editor-bookmarks xmlns="http://www.netbeans.org/ns/editor-bookmarks/2" lastBookmarkId="0"/>
    <open-files xmlns="http://www.netbeans.org/ns/projectui-open-files/2">
        <group>
            <file>file:/D:/eldai/Documents/NetBeansProjects/Tema2_Proyecto2/src/vista/VistaSeleccion.java</file>
            <file>file:/D:/eldai/Documents/NetBeansProjects/Tema2_Proyecto2/src/controlador/Controlador.java</file>
            <file>file:/D:/eldai/Documents/NetBeansProjects/Tema2_Proyecto2/build.xml</file>
            <file>file:/D:/eldai/Documents/NetBeansProjects/Tema2_Proyecto2/src/vista/Ventana_Conexion.java</file>
        </group>
    </open-files>
</project-private>
